department,employee,experience,performance_score,salary,age,gender,joining_year,city
Engineering,Rahul,5,92,95000,28,Male,2019,Bangalore
Finance,Priya,7,88,105000,32,Female,2017,Mumbai
HR,Amit,3,75,72000,26,Male,2021,Delhi
Engineering,Sneha,6,96,99000,30,Female,2018,Bangalore
Marketing,Ishita,4,99,85000,27,Female,2020,Hyderabad
Finance,Arjun,8,91,109000,35,Male,2016,Mumbai
HR,Neha,2,72,70000,24,Female,2022,Delhi
Marketing,Karan,3,85,83000,26,Male,2021,Chennai
Engineering,Vikram,10,94,125000,38,Male,2014,Bangalore
Finance,Divya,5,87,102000,29,Female,2019,Mumbai
HR,Rajesh,6,80,78000,31,Male,2018,Delhi
Marketing,Ananya,4,91,88000,27,Female,2020,Hyderabad
Engineering,Suresh,8,89,115000,36,Male,2016,Pune
Finance,Kavya,3,84,98000,26,Female,2021,Mumbai
HR,Mohan,7,76,80000,33,Male,2017,Delhi
Marketing,Pooja,5,93,90000,29,Female,2019,Chennai
Engineering,Aditya,9,97,120000,37,Male,2015,Bangalore
Finance,Shruti,4,86,100000,28,Female,2020,Mumbai
HR,Deepak,2,70,68000,24,Male,2022,Delhi
Marketing,Meera,6,88,87000,30,Female,2018,Hyderabad
Engineering,Nikhil,7,95,110000,33,Male,2017,Bangalore
Finance,Swati,5,89,104000,29,Female,2019,Mumbai
HR,Gaurav,4,77,74000,27,Male,2020,Delhi
Marketing,Ritu,3,90,84000,25,Female,2021,Chennai
Engineering,Pranav,11,93,128000,40,Male,2013,Pune
Finance,Anjali,6,85,103000,30,Female,2018,Mumbai
HR,Sanjay,8,79,82000,35,Male,2016,Delhi
Marketing,Nisha,5,94,91000,28,Female,2019,Hyderabad
Engineering,Rohan,4,88,97000,27,Male,2020,Bangalore
Finance,Tanvi,7,90,107000,32,Female,2017,Mumbai
HR,Vivek,3,73,71000,25,Male,2021,Delhi
Marketing,Simran,6,87,89000,30,Female,2018,Chennai
Engineering,Harsh,9,96,122000,38,Male,2015,Bangalore
Finance,Komal,4,83,99000,27,Female,2020,Mumbai
HR,Rakesh,5,78,76000,29,Male,2019,Delhi
Marketing,Pallavi,3,92,86000,25,Female,2021,Hyderabad
Engineering,Varun,8,91,117000,35,Male,2016,Pune
Finance,Nidhi,6,88,105000,31,Female,2018,Mumbai
HR,Ashish,2,71,69000,23,Male,2022,Delhi
Marketing,Kritika,5,95,92000,28,Female,2019,Chennai
Engineering,Siddharth,10,98,130000,39,Male,2014,Bangalore
Finance,Megha,4,86,101000,27,Female,2020,Mumbai
HR,Tarun,7,80,81000,33,Male,2017,Delhi
Marketing,Snehal,4,89,87000,27,Female,2020,Hyderabad
Engineering,Abhinav,6,90,105000,30,Male,2018,Bangalore
Finance,Riya,5,87,103000,28,Female,2019,Mumbai
HR,Manish,3,74,72000,25,Male,2021,Delhi
Marketing,Prachi,6,91,90000,30,Female,2018,Chennai
Engineering,Kunal,8,93,118000,36,Male,2016,Pune
Finance,Shipra,7,89,106000,32,Female,2017,Mumbai
HR,Nitin,4,76,75000,27,Male,2020,Delhi
Marketing,Aisha,3,88,85000,25,Female,2021,Hyderabad
Engineering,Dhruv,9,95,121000,37,Male,2015,Bangalore
Finance,Preeti,5,84,100000,28,Female,2019,Mumbai
HR,Alok,6,79,79000,31,Male,2018,Delhi
Marketing,Sunita,4,93,89000,27,Female,2020,Chennai
Engineering,Mayank,7,92,112000,33,Male,2017,Bangalore
Finance,Garima,3,85,98000,25,Female,2021,Mumbai
HR,Hemant,5,77,77000,29,Male,2019,Delhi
Marketing,Lavanya,6,90,91000,30,Female,2018,Hyderabad
Engineering,Shubham,10,97,127000,40,Male,2014,Pune
Finance,Madhuri,4,88,102000,27,Female,2020,Mumbai
HR,Pankaj,8,81,83000,35,Male,2016,Delhi
Marketing,Geeta,5,94,92000,28,Female,2019,Chennai
Engineering,Ankit,6,89,107000,30,Male,2018,Bangalore
Finance,Sonali,7,87,105000,32,Female,2017,Mumbai
HR,Sunil,2,72,70000,23,Male,2022,Delhi
Marketing,Bharti,3,86,84000,25,Female,2021,Hyderabad
Engineering,Tejas,9,96,123000,38,Male,2015,Bangalore
Finance,Chhaya,5,90,104000,28,Female,2019,Mumbai
HR,Dinesh,4,75,73000,27,Male,2020,Delhi
Marketing,Vandana,6,92,90000,30,Female,2018,Chennai
Engineering,Parth,8,94,119000,35,Male,2016,Pune
Finance,Bhavna,6,86,103000,30,Female,2018,Mumbai
HR,Girish,3,70,68000,24,Male,2021,Delhi
Marketing,Ankita,5,95,93000,28,Female,2019,Hyderabad
Engineering,Rishabh,7,91,111000,33,Male,2017,Bangalore
Finance,Jyoti,4,84,100000,26,Female,2020,Mumbai
HR,Mahesh,6,78,78000,31,Male,2018,Delhi
Marketing,Deepika,3,89,86000,25,Female,2021,Chennai
Engineering,Yash,11,98,132000,41,Male,2013,Bangalore
Finance,Radha,5,88,104000,28,Female,2019,Mumbai
HR,Suresh,7,80,82000,33,Male,2017,Delhi
Marketing,Tina,4,91,88000,27,Female,2020,Hyderabad
Engineering,Kabir,9,95,124000,38,Male,2015,Pune
Finance,Mona,6,87,105000,30,Female,2018,Mumbai
HR,Ajay,2,73,71000,23,Male,2022,Delhi
Marketing,Hema,5,93,91000,28,Female,2019,Chennai
Engineering,Samir,8,92,116000,35,Male,2016,Bangalore
Finance,Lata,4,85,101000,26,Female,2020,Mumbai
HR,Prakash,5,76,76000,29,Male,2019,Delhi
Marketing,Usha,6,90,89000,30,Female,2018,Hyderabad
Engineering,Arnav,7,93,113000,33,Male,2017,Bangalore
Finance,Payal,3,86,99000,25,Female,2021,Mumbai
HR,Ramesh,8,79,81000,35,Male,2016,Delhi
Marketing,Charu,4,92,89000,27,Female,2020,Chennai
Engineering,Vivaan,10,97,129000,40,Male,2014,Pune
Finance,Seema,6,89,106000,30,Female,2018,Mumbai
